<?xml version="1.0" encoding="UTF-8"?>
<!DOCTYPE mapper
  PUBLIC "-//mybatis.org//DTD Mapper 3.0//EN"
  "https://mybatis.org/dtd/mybatis-3-mapper.dtd">
<mapper namespace="com.multi.sportic.mapper.BoardMapper">
	<select id="boardList">
		select write_num, team_intro_title, recruit_position
		from sportic_board
	</select>

	<insert id="boardInsert">
		insert into sportic_board(recruit_region, sport, recruit_position, recruit_num, recruit_career, recruit_date, sns, team_intro_title, team_intro)
		values(#{recruit_region}, #{sport}, #{recruit_position}, #{recruit_num}, #{recruit_career}, #{recruit_date}, #{sns}, #{team_intro_title}, #{team_intro})
	</insert>
	
	<select id="boardSelect">
		select recruit_region, sport, recruit_position, recruit_num, recruit_career, recruit_date, sns, team_intro_title, team_intro
		from sportic_board where write_num=${param1}
	</select>
	
	<update id="hitCount">
		update sportic_board set hit=hit+1 where write_num=${param1}
	</update>
	
	<insert id="commentInsert">
		insert into sportic_comment(sportic_member_nickname, comment, comment_pwd)
		values(#{sportic_member_nickname}, #{comment}, ${comment_pwd})
	</insert>

</mapper>